artista_principal,id_track,nome_track,popularidade_track,colaboradores
Alok,7MIhUdNJtaOnDmC5nBC1fb,Deep Down (feat. Never Dull),78,"Ella Eyre, Kenny Dope, Never Dull"
Alok,0iB5f04XdJ2tcfhoVkeLV8,LET'S GET FKD UP,76,"Mondello'G, CERES, Tribbs"
Alok,39cmB3ZoTOLwOTq7tMNqKa,Hear Me Now,73,"Zeeba, Bruno Martini"
Alok,0OvO2X2Q3i98dc5RcgEN3x,Jungle,72,"The Chainsmokers, Mae Stephens"
Alok,00E0Z2jrF7reoHps4zcbWQ,Car Keys (Ayla),70,Ava Max
Alok,6iW38RGqdDGOofmz2HeXLW,Piece Of Your Heart - Alok Remix,69,"MEDUZA, Goodboys"
Alok,0sftzYE0YgPHXrvJyUyGjB,Deep In Your Love,69,Bebe Rexha
Alok,6r6wTVl7sBndpdlzBSEYnF,Lua,63,"Ana Castela, Hungria"
Alok,4s6PYL51msvsxDjME9i6OM,Headlights (feat. KIDDO),59,"Alan Walker, KIDDO"
Alok,5Hp4xFihdOE2dmDzxWcBFb,All By Myself,67,"Sigala, Ellie Goulding"
Jorge & Mateus,5sKGmZDmkGwFed5dPpZpZL,Xonei,81,Henrique & Juliano
Jorge & Mateus,6X6jKoyw1OjogRghMEQAZV,Haverá Sinais - Ao Vivo,76,Lauana Prado
Jorge & Mateus,3zlU0V45H1FcjZeGEVt8ih,Anti Amor - Ao Vivo,66,Gustavo Mioto
Jorge & Mateus,5UiKFCnWnfWoiywEaQ0tM7,Marca Evidente,42,Israel & Rodolffo
Marília Mendonça,7McCAKExE8KsI2q4Y8wx4U,Dois Enganados,71,Murilo Huff
Marília Mendonça,7IIDB25xKfPbw595U53Ose,Vai Lá Em Casa Hoje - Ao Vivo,68,George Henrique & Rodrigo
Marília Mendonça,6Zw25LRLP0j0MsezDFIUM4,Mal Feito - Ao Vivo,62,Hugo & Guilherme
Marília Mendonça,4qsOrxBv09HhNSpsgMRXdC,Esqueça-Me Se For Capaz,67,Maiara & Maraisa
Marília Mendonça,4G0CNdwFI4oeHFVZDcqLvK,Experiência - Ao Vivo,66,Henrique Casttro
Gusttavo Lima,1OwoPY7wYgKQIyl9maWmSM,Canudinho - Ao Vivo,64,Ana Castela
Gusttavo Lima,2d2gzh9YHgJBl7usdvKqgR,Mala dos Porta-Mala - Ao Vivo,64,Matheus & Kauan
Gusttavo Lima,3knAG9kd3jNNuJlZZUAOoQ,Cep Novo - Ao Vivo,64,Murilo Huff
Zé Neto & Cristiano,3Na9gwLmFdEJH2l54AYwpk,Sombra Desconhecida - Ao Vivo,76,Lauana Prado
Zé Neto & Cristiano,0agjQg7eWrwFtqBQRKu1CX,Foi Intenso - Ao Vivo,65,Ana Castela
Zé Neto & Cristiano,2ZI7HOZoBqrV3lFlHKJshI,Melação - Ao Vivo,68,Luan Santana
LUDMILLA,2iIBpwP4FyQ95xgVail3yr,No_se_ve.mp3,71,"Emilia, ZECCA"
LUDMILLA,6GmyQws2xpUFIN5dXBNTrl,Dia de Fluxo,70,"AgroPlay, Ana Castela"
LUDMILLA,06WkQibI8OhOLjDxIRKu5B,Ainda Gosto de Você / Já Era - Ao Vivo,68,"Sorriso Maroto, Belo"
LUDMILLA,02hupCKclLtfyoQrp2xtfz,Não Para,68,"Mc Daniel, Blakbone, DJ Cash"
LUDMILLA,3hXCANK2ys6D2HZE3kuDfz,Numanice Lud Session - Modo Avião / A Tua Voz / 700 Por Hora / Radar / A Música Mais Triste do Ano - Ao vivo,67,Gloria Groove
LUDMILLA,2IGh6DnMiX408xwoJP9Lmb,Falta de Mim - Ao Vivo,64,Mari Fernandez
LUDMILLA,0SzZVQw0tEazwNko6bdKwS,Saudade da Gente (Ao Vivo na Resenha Pagode e Chinelo),63,Grupo BalacoBaco
Wesley Safadão,4dGx53NJZJyuuLP5ownH1p,Mentira Estampada,70,Natanzinho Lima
Wesley Safadão,6ispUK6ZFslsmc8Z3Uimaa,Reinventar,67,Heitor Costa
Wesley Safadão,40LXKDtMsirrWzOB9TRx3g,Bem-vinda ao Meu Mundo,67,Rey Vaqueiro
Wesley Safadão,0Cu3ahpXrok1tugg1LwmvK,Bipolar,64,Natanzinho Lima
Wesley Safadão,4HrIZyZIqd7kqShDXEyN1n,Laranjinha,65,Natanzinho Lima
Wesley Safadão,1V2RBDA7cvLniTAt3fQZoC,Novinha Não Chora,64,Felipe Amorim
Wesley Safadão,2kbxK6YN1SkruIuSrLMzIb,Rejeita,62,Natanzinho Lima
Wesley Safadão,6QblMkAmfrriSjbowD4RiB,Eu Sem Você,60,Gusttavo Lima
Wesley Safadão,4wSTfsWPyHOUbJAiMVJ6Wz,Oi Vida - Ao Vivo,50,Gusttavo Lima
Wesley Safadão,59hRCMZByTkOaxBTjE5Yxk,Batom na Camisa,59,Heitor Costa
Ivete Sangalo,3eSJmGWqoBRx5wbFCtvPtz,Color Esperanza 2020,65,"Diego Torres, Nicky Jam, Reik, Camilo, Pedro Capó, Manuel Turizo, Kany García, Leonel García, Río Roma, Lali, Camila, Farruko, Rubén Blades, Carlos Vives, Diego El Cigala, Prince Royce, Jorge Villamizar, Gente De Zona, Fonseca, Thalia"
Ivete Sangalo,6eJUG282cUKuIoa72sEsqO,Macetando,60,LUDMILLA
Ivete Sangalo,2kcTEMUI3TVvak0OgG4nwi,Seus Recados - Ao Vivo,56,Liniker
Ivete Sangalo,2NTomSh86Fy6iHf4DSf49g,Não Precisa Mudar - Ao Vivo,52,Saulo
Ivete Sangalo,249w6QiDEGJ4NqRpb02qoS,Vingança Do Amor,45,Pablo
Ivete Sangalo,3jLMpiytGnXBKgjp5T4xJv,Um Motivo - Ao Vivo,49,Leo Santana
Ivete Sangalo,0Xt2ZJpiBRYnExG0k2Zk9b,Faraó Divindade Do Egito / Ladeira Do Pelô / Doce Obsessão - Ao Vivo,46,Olodum
Luan Santana,0HDMisLsuGNml98Xq7atpm,EU SOU SENTIMENTO,71,Luan Pereira
Luan Santana,2ZI7HOZoBqrV3lFlHKJshI,Melação - Ao Vivo,68,Zé Neto & Cristiano
Luan Santana,2IDf0IZ9dfw0uDYV2n1bJc,DEJA VU,66,Ana Castela
Luan Santana,4vWh6tEfcLzdvYWp2IlOJS,CORAÇÃO CIGANO - Ao Vivo,60,Luísa Sonza
TIAGO IORC,6TDPTk5c9r1aAaLEILqNmA,Tangerina - Ao Vivo,58,DUDA BEAT
TIAGO IORC,5pmBfQ7bewBJR9dhVnqMHU,Pode Se Achegar,56,"Agnes Nunes, Bagua Records"
TIAGO IORC,3TjdjYx5sBXrRdytJkzJJX,Mais Bonito Não Há,51,Milton Nascimento
Luísa Sonza,7ldcYtMOjtX1eFVEYzj2kJ,Sagrado Profano,72,KayBlack
Luísa Sonza,28atBekPVlTdnU4M9Z7udd,Não Vai Embora,69,"Dilsinho, Malibu"
Luísa Sonza,7uc5eXiV8Yw5DK3V9RNFEk,FAMA,65,PEDRO SAMPAIO
Luísa Sonza,2cZ62VBKsdZ7u1kKKJdFOc,Sou Musa do Verão,65,Marshmello
Luísa Sonza,5ZWeAFfmlTGYleUxOq7kcp,Poesia Acústica 13,61,"Pineapple StormTv, Chris MC, Salve Malak, Tz da Coronel, MC Cabelinho, Chefin, L7NNON, Oruam, Xamã, N.I.N.A"
Luísa Sonza,1dv8qeBPtLAli7J3xNeTDR,Surreal,65,Baco Exu do Blues
Luísa Sonza,1snE820RBNNYwpqZO8ItYf,recadin no espelho,65,MC Kevin o Chris
Luísa Sonza,6BF3nZQkAg9qvE0DLVSfyH,Hotel Caro,64,Baco Exu do Blues
Simone & Simaria,5dJDi0ulCDpeTIifADW7pn,Amiga - Ao Vivo,43,"Simone Mendes, Simaria"
Simone & Simaria,6NUDfOCXlQT0RIuYJCXbfe,La Vida Continuó,53,KAROL G
Simone & Simaria,4lsDFVKOVwPeAVw1hPOn7G,Vontade De Morder,53,Zé Felipe
Simone & Simaria,4rMTRPQcWIcZAlKR8bygRY,Loka,48,Anitta
Simone & Simaria,2MKDbkarTlajtFcFtvl04L,São Amores - Ao Vivo,49,"Simone Mendes, Simaria"
Simone & Simaria,6etab3UBCo5GOTMZqUvRka,Ta Tum Tum,49,MC Kevinho
Dilsinho,1hZvCkJD0XTfJpdgOBQnPY,Quem Mandou - Ao Vivo,67,Kamisa 10
Dilsinho,28atBekPVlTdnU4M9Z7udd,Não Vai Embora,69,"Luísa Sonza, Malibu"
Dilsinho,3V4qHihe2fn7CXirSGe2k6,Passada de Mão - Ao Vivo,59,Ana Castela
Dilsinho,3eSJmGWqoBRx5wbFCtvPtz,Color Esperanza 2020,65,"Diego Torres, Nicky Jam, Reik, Camilo, Pedro Capó, Manuel Turizo, Kany García, Leonel García, Río Roma, Lali, Camila, Farruko, Rubén Blades, Carlos Vives, Diego El Cigala, Prince Royce, Jorge Villamizar, Gente De Zona, Fonseca, Thalia"
Dilsinho,7xoW9ae2eFXgzw2JFkttmq,Mensagem Apagada,65,Sorriso Maroto
Dilsinho,6UMEUBzZaazciDTYLpYn0t,Chá De Cama - Ao Vivo,63,Akatu
Maiara & Maraisa,6UzGpz33nYXa3gAEJ1mndV,O Meu Coração Em Suas Mãos (Colgando en tu manos) - Ao Vivo,62,Hugo & Guilherme
Maiara & Maraisa,1WHDOr19zyyqu6XXIvdgfX,Morena De Goiânia - Ao Vivo,73,Hugo & Guilherme
Maiara & Maraisa,0BvzY9PCRufFPt51fvnhOI,Imagina - Ao Vivo,67,Hugo & Guilherme
Maiara & Maraisa,4qsOrxBv09HhNSpsgMRXdC,Esqueça-Me Se For Capaz,67,Marília Mendonça
Maiara & Maraisa,1xyVMQx51Kab6eLVtE6twx,Cobaia,64,Lauana Prado
Maiara & Maraisa,3YvE7uo4ffseBoJPh8IhHp,Presepada,64,Marília Mendonça
Maiara & Maraisa,053zWWZDziDJd3U94x8RuP,Todo Mundo Menos Você,60,Marília Mendonça
Pabllo Vittar,5496lks6V3fh1mZAB6IAap,Alibi (with Pabllo Vittar & Yseult),87,"Sevdaliza, Yseult"
Pabllo Vittar,14ALB7xDkt5blJWUTQj4e6,"Alibi Pt. 2 (with Anitta, Pabllo Vittar & Yseult)",65,"Sevdaliza, Anitta, Yseult"
Pabllo Vittar,2ip4hxYupn3CSsHjn4l2a8,MODO TURBO,60,"Luísa Sonza, Anitta"
Pabllo Vittar,68a3F3b3M7ro0sna5hAjPh,Hoje À Noite (Alone),58,NATTAN
Pabllo Vittar,7ziEXnwO7RIRguxSPXP2xs,Sua Cara (feat. Anitta & Pabllo Vittar),44,"Major Lazer, Anitta"
Pabllo Vittar,4kkQGhScJDzNIIGavQE9SN,Corpo Sensual (feat. Mateus Carrilho),53,Mateus Carrilho
Pabllo Vittar,5p3LIyy38s0QQNoSTwbZXX,AmarElo (Sample: Sujeito de Sorte - Belchior),52,"Emicida, Majur"
Ferrugem,65vJAh07BdwurqR9SRa6f8,Apaguei Pra Todos - Ao Vivo,76,Sorriso Maroto
Ferrugem,1kWcd9h9HoeXsKaDVhSOtj,Ela - Ao Vivo,71,Sorriso Maroto
Ferrugem,4tXVLiZWjPo5rFx1DjBZjl,Duvido - Ao Vivo,69,"Turma do Pagode, Mumuzinho"
Ferrugem,28tIFuQHxmEZAg2FljrCwp,Sinais - Ao Vivo,63,"Sorriso Maroto, Péricles"
Nando Reis,27Es7REkNYsWCMBoIbmwCW,De Janeiro a Janeiro,61,Roberta Campos
Nando Reis,1EQ8sBQ7Abv9DvNBzhXAcv,Pra Você Guardei O Amor,64,Ana Cañas
Nando Reis,6HhXiy5XZ81Pyv3yCZMtj1,Relicário - Ao Vivo,61,Cássia Eller
Nando Reis,6iIcwVfeRZx7eeLR9WtGO1,N,47,ANAVITÓRIA
Nando Reis,2ITTTSZTu3rUXj9wK1pv1a,Onde Você Mora,40,Melim
Nando Reis,6x6QGHv47mZd9lyK7Aqva6,Sim,45,Jão
Melim,4aOjUCwa65AQ0uYoeQZS6Z,"Não Te Largo, Não Te Troco",56,Ana Gabriela
Melim,4QWsMXZ60waQmBBduGM2ci,Cabelo De Anjo,55,Lulu Santos
Vitão,44ftNxH1WwJwGJ3LR5Nf2t,Poesia Acústica #7 Céu Azul,56,"MC Hariel, Negra Li, Ducon, Kevin o Chris, Chris MC, Matuê, Salve Malak, Dk 47, Pineapple StormTv"
Vitão,6l1PdE7lQbodewVQh16GCM,Sei Lá,57,Projota
Vitão,66qOxO7krWQpQWZPi1IzQo,Penelope,55,"BIN, Malibu"
Vitão,25gD4PQjxCLnwIY2n23aEl,Flores,54,Luísa Sonza
Vitão,6jeLXLAY7vx5OIn3UFjfj8,Cobertor - Remix,54,"Projota, GIULIA BE"
Vitão,6toDZSoqG5QUitFsoxavRy,Complicado,47,Anitta
Vitão,4iANxSIDT3kGekiquMSAgT,Embrasa,49,Luccas Carlos
Vitão,2wBInx2dacbbZUlLaklP7t,Bomba Relógio,43,Luísa Sonza
Vitão,1KshLJaAFxRowOEKgdgk9D,Mais Que Ontem,42,Melim
Lexa Gates,0ZivdfG1msTj7A2UixMx9T,I Just Can't Be Alone (with Billy Lemos),51,Billy Lemos
Lexa Gates,5US1vcJVRpU7FCPUpR31mC,"Lately, Nothing (feat. Alé Araya)",51,Alé Araya
Lexa Gates,0Xip7Egod3q07GJtABEgni,Sweet.. Time (feat. Zelooperz),46,Zelooperz
MC Zaac,17zFFvcVGwsKv8MgpQhoXx,Vai malandra,31,"Anitta, Maejor, Tropkillaz, DJ Yuri Martins"
MC Zaac,7AqVX4MJmKMltn4s61fQbJ,Vai malandra - Remix,3,"Anitta, Maejor, Alesso, DJ Yuri Martins, KO:YU, Tropkillaz"
MC Zaac,1zPUeoddIvtq4TTNY0hrPI,Forma do padrão,0,Lara Silva
Sorriso Maroto,65vJAh07BdwurqR9SRa6f8,Apaguei Pra Todos - Ao Vivo,76,Ferrugem
Sorriso Maroto,1kWcd9h9HoeXsKaDVhSOtj,Ela - Ao Vivo,71,Ferrugem
Sorriso Maroto,1iZDU9Ea62VZsZDIIOCoTf,Promessas - Ao Vivo,54,Thiaguinho
Sorriso Maroto,6npsMy4sqPy5oywywl2UJy,Me Olha Nos Olhos / Futuro Prometido / Não Tem Perdão - Ao Vivo,62,Gloria Groove
Sorriso Maroto,06WkQibI8OhOLjDxIRKu5B,Ainda Gosto de Você / Já Era - Ao Vivo,68,"LUDMILLA, Belo"
Sorriso Maroto,28tIFuQHxmEZAg2FljrCwp,Sinais - Ao Vivo,63,"Péricles, Ferrugem"
Sorriso Maroto,1ZyrfB6T0Cm9wFXAjJQQWE,Garota Nota 100,65,"MC Marcinho, Delacruz"
Sorriso Maroto,7xoW9ae2eFXgzw2JFkttmq,Mensagem Apagada,65,Dilsinho
Sorriso Maroto,7HS03vpAYoQuZxeXSpzGbM,Como Nunca Amei Ninguém / Por Tão Pouco - Ao Vivo,62,Thiaguinho
ANAVITÓRIA,2o2xhyri4aJUtgMGkf5P0J,Lisboa,69,Lenine
ANAVITÓRIA,7Gk5OrMYaMRtT2JmgJVAfk,Pupila,67,Vitor Kley
ANAVITÓRIA,3KK3nLgrRdycpnYxPDVfMV,Fica,65,Matheus & Kauan
ANAVITÓRIA,01Z18LIRXx7QHzWp2QpDaE,Trevo (Tu),64,TIAGO IORC
ANAVITÓRIA,1PQRwFvNM7xV65bIkHmDtx,Partilhar,61,Rubel
ANAVITÓRIA,4ziqkaBXfo4GrmuF0gsNyi,Geleira do tempo,61,Jorge & Mateus
ANAVITÓRIA,2LOIoeI16A8jjKubPKoCSa,"Amarelo, azul e branco",60,Rita Lee
Os Barões Da Pisadinha,3rRin3LyLY92kpEbkCgwf4,Basta Você Me Ligar - Ao Vivo,53,Xand Avião
Os Barões Da Pisadinha,357rRaabPWLO9s0saI4akJ,Já Fui Não Sou Mais - Ao Vivo,56,Guilherme & Benuto
Os Barões Da Pisadinha,0WlmiIK5qFQ4dAB4mCA4sI,Amor da Despedida,54,Fernando & Sorocaba
Djonga,0XkH47qUbNA4YGdD4WEjAA,Depois do Baile,68,"DENNIS, Veigh, WIU, MC PH, Budah, Mc Don Juan, Hungria, Orochi, Azzy"
Djonga,5MjB4phpJsKhm8yCXdTIDN,SOLTO,66,"Hot, Coyote Beatz"
Djonga,0Qm3FcWgkif9MeY6lgcX11,Poesia Acústica #9 Melhor Forma,61,"Pineapple StormTv, L7NNON, Chris MC, Xamã, Lourena, Cesar Mc, Filipe Ret, Salve Malak"
Djonga,5EU5tSDTddhhaBMLAmHgHT,Set Wesley Alemão 2,65,"MC Paulin da Capital, Mc Lipi, Mc Paiva ZS, MC Lemos, Mc Lele JP, Gabb MC, Mc Piedro, MC Ryan SP, MC Marks, Mc Kadu, MC Joãozinho VT, Hungria, Dj GM, Oldilla"
Djonga,7LC49U08KjfwzDMiGNkE1q,LEAL,64,"Coyote Beatz, Rapaz do Dread"
Djonga,4HloVfbDm0QArlqZh1U18D,Poesia Acústica 14,48,"Pineapple StormTv, Cesar Mc, MC Ryan SP, Lourena, Major RD, Derxan, WIU, KayBlack, Gloria Groove, Salve Malak"
Djonga,3u5NstXNmXnze12HTZqURo,penumbra,60,"Rapaz do Dread, Sarah Guedes"
Djonga,660jt1ifpZZJK6j4g9GX0Q,CORRA,59,"Coyote Beatz, Paige"
Djonga,3GFF2ybvzJWteFci21mC1W,BENÇA,58,Coyote Beatz
Djonga,2DCmiAMyZGPLiDh47Upi9Z,O Mundo é Nosso,58,"Coyote Beatz, BK"
Mc Livinho,4jUZymsR3lkia9wkP0o9cX,MTG NA IMAGINAÇÃO - TOPO SESSIONS VOL. 1,75,DJ TOPO
Mc Livinho,5G0kKNRYFCoORvJ2VzwvrY,MTG PASSA PASSA PRA EU SARRAR,73,DJ TOPO
Mc Livinho,3syxcxgRLd25yPYfG8qsot,Amor É Mentira,66,"DJ Arana, DJ Jeeh FDC"
Mc Livinho,6vZbWgHWITDgEe6a2aOUqY,Fazer Falta,65,Perera DJ
Mc Livinho,2uhw2oYbugGJbn10wipNX5,Novidade na Área,65,DJ Matt D
Mc Livinho,6lVO4RRaF6PZCo9ClhXy0A,"Pagodeiro, Pt. 2",63,"MC Ryan SP, Mc Davi, Gaab, Dj Yuri Pedrada, Turma do Pagode, Mc Kadu, MC Paulin da Capital, Mc Kanhoto, DJ WN"
Mc Livinho,2u2T2sB5Geli45Wh7r4lhr,Hoje Eu Vou Parar Na Gaiola,62,Rennan da Penha
Mc Livinho,1HJU78CRk4vxvjE5Cs1BCt,Vidrado Em Você,62,Dj Guuga
Mc Livinho,4ho6IyVZ0TilPf7ctKd84D,Se Prepara 2,61,"Mc Pedrinho, Perera DJ"
Mc Livinho,7GBQ9GUAyav1YW6eVyLIQe,Ela Vem,60,"MC G15, Perera DJ"
Projota,229GXUzH1baYzaLgqc3PDo,Poesia Acústica #8 Amor e SambaCanção,53,"Pineapple StormTv, Cesar Mc, Elana Dara, Kayuá, Cynthia Luz, Froid, MV Bill, Bob do Contra, Salve Malak"
Projota,6l1PdE7lQbodewVQh16GCM,Sei Lá,57,Vitão
Projota,6wnCBT8ip4i9HRhM3HVk6d,Linda,56,ANAVITÓRIA
Projota,6jeLXLAY7vx5OIn3UFjfj8,Cobertor - Remix,54,"Vitão, GIULIA BE"
Projota,6vjNbf3VZwydWQlQYT5sZk,O Homem Que Não Tinha Nada,51,Negra Li
Gabriel O Pensador,7E1duSMvHGUcYRgwrMZOUf,Cachimbo da Paz (feat. Lulu Santos),58,Lulu Santos
Gabriel O Pensador,2iNXdaNx4cArMmjCg6i3A4,Solitário Surfista / Surfista Solitário,50,Jorge Ben Jor
Gabriel O Pensador,3ujI5Tb5sebqIq2uvXL3UW,Astronauta (feat. Lulu Santos),49,Lulu Santos
Gabriel O Pensador,3k7D91v3eUTY4yZbBwwbDZ,Liberdade,47,Armandinho
Gabriel O Pensador,3D0HjV2V8ZEYA2Vcq3Dbum,Nunca Tenha Medo,42,Black Alien
Gabriel O Pensador,2ZeG4NqS9tRoUa6LGjAP2I,Cachimbo da Paz 2,41,"Lulu Santos, Xamã, Keviin"
Gabriel O Pensador,20cbGw4DpRYSVapv3RQkx7,Fé na Luta,39,Tais Alvarenga
Emicida,7lzfMZak2HjNPXXSxksjPB,Camarão Que Dorme a Onda Leva,61,"Zeca Pagodinho, Dudu Nobre, Mumuzinho, Djavan, Sombrinha, Arlindo Cruz, Maria Rita, Péricles, Alcione, Diogo Nogueira, Frejat, Monarco, VELHA GUARDA DA PORTELA, Almir Guineto, Rildo Hora, Roberta Sá, Lenine, Beth Carvalho, Marcelo D2"
Emicida,4oNk9WpCEytgOdYms1x5Fr,Vou Festejar,53,"Jorge Aragão, Elza Soares, Zeca Pagodinho, Martinho Da Vila, Sandra De Sá, Vander Lee, Joyce Cândido, Anitta, Xande De Pilares, Péricles, Diogo Nogueira, Grupo Fundo De Quintal, Luciana Mello, Maria Rita, Lenine, Alcione, Luiz Melodia, Baby Do Brasil, Thais Macedo"
Emicida,0gGjX0aUg7OaUSAhi1CmDk,Passarinhos,58,Vanessa Da Mata
Emicida,2C9LPYpH9YUgROQDHfRXrU,Hoje Cedo,54,Pitty
Emicida,5p3LIyy38s0QQNoSTwbZXX,AmarElo (Sample: Sujeito de Sorte - Belchior),52,"Majur, Pabllo Vittar"
Emicida,0JSux25Te5HYMSr2D64d02,Levanta e Anda,54,Rael
Emicida,14SO7JAN6L7Mk1ZUmabJaI,Baiana,50,Caetano Veloso
Emicida,7MK6sYlWniVj8D1mrAAIwb,A Ordem Natural das Coisas (feat. Mc Tha),49,Mc Tha
Emicida,1wTuMYmA3AJC7zKg6cuu19,"Principia (feat. Fabiana Cozza, Pastor Henrique Vieira & Pastoras do Rosário)",49,"Fabiana Cozza, Pastor Henrique Vieira, Pastoras do Rosário"
Emicida,4yEBOuDHhrFeGXyXNJ3C4y,Quem Tem Um Amigo (Tem Tudo) (feat. Zeca Pagodinho & Tokyo Ska Paradise Orchestra),47,"Zeca Pagodinho, Tokyo Ska Paradise Orchestra"
Criolo,5Ikos3uiBfPYAf7EZfz8t3,Sonho Meu,57,"Sambabook, Arlindo Cruz, Maria Bethânia, Delcio Carvalho, Adriana Calcanhotto, Diogo Nogueira, Dona Ivone Lara, Mariene De Castro, Martinho Da Vila, Teresa Cristina, Zeca Pagodinho, Leci Brandao, Carminho, Luiza Dionísio, Vanessa Da Mata, Aline Calixto, Bruno Castro, Caetano Veloso, Zélia Duncan"
Criolo,7B0qG1572IH4Fpz9oZqrSQ,Algoritmo Íntimo,50,"Ney Matogrosso, Malibu, Keviin"
Criolo,3XOeVijHjhP33Avx55BEgK,Soprou,49,Silva
Criolo,59jPNvmk43ybRKY4Q5tsW5,Cartão de Visita,48,Tulipa Ruiz
Pitty,0fdN1fuFWKKACOGnDJmyiC,Tendo A Lua - Ao Vivo,52,Os Paralamas Do Sucesso
Pitty,0fz1d9rPbAuxbqvzUpW31K,"Canta, Canta Minha Gente",51,"Martinho Da Vila, Sambabook, Tunico da Vila, Diogo Nogueira, Elza Soares, Luiz Melodia, Mart'nália, Fernanda Abreu, Toni Garrido, Paulinho Da Viola, João Donato, Pedro Luís, Ana Costa, Marcelinho Moreira, Casuarina, Ney Matogrosso, Jair Rodrigues, Leci Brandao, Zeca Baleiro"
O Terno,5CAztXp7af5FZR9Gbnnwk2,Volta e Meia,47,"Shintaro Sakamoto, Devendra Banhart"
O Terno,64DRmqvCT6xC1ox9Zst1Rc,Bielzinho / Bielzinho - Xinobi Remix,43,Xinobi
Tribalistas,7qxBghENGAGrX0uQnaVfvw,Velha Infância - Bruno Martini Remix,47,Bruno Martini
BaianaSystem,4g3eC92vbNjIc9vS7Ye2Ie,Sulamericano,50,Manu Chao
BaianaSystem,33XGnqulXzbY8wznMxUXrh,Presente,48,"Gilsons, Tropkillaz"
BaianaSystem,7yqGQh8ullxqsv30ASaEgE,Miçanga,47,Antonio Carlos & Jocafi
BaianaSystem,3BGxXQJWeLAEcwNKRFUxYA,Reza Forte,42,BNegão
BaianaSystem,4rK3DuaBOt3jCYFjkg8bUQ,Capim Guiné,43,"Titica, Margareth Menezes"
BaianaSystem,7sBW1PIwPe0RhgkQByk0EG,Sonar,41,"Curumin, Edgar"
Thiaguinho,6jds4N5VX0XVcC3TNT9cC7,Em Busca Da Minha Sorte - Ao Vivo,60,Billy SP
Thiaguinho,1iZDU9Ea62VZsZDIIOCoTf,Promessas - Ao Vivo,54,Sorriso Maroto
Thiaguinho,7amlXONtan1ek8CUChBmwP,Na Cara - Ao Vivo,62,Matheus & Kauan
Thiaguinho,7HS03vpAYoQuZxeXSpzGbM,Como Nunca Amei Ninguém / Por Tão Pouco - Ao Vivo,62,Sorriso Maroto
Thiaguinho,4fLSDOFd1eOsuQLefcrWFN,Tô Aqui / É Assim Que Funciona - Ao Vivo,40,Rodriguinho
Thiaguinho,58YugncKXiOntxQl2Yq8NX,Envolvidassa - Ao vivo,54,Kamisa 10
Negra Li,44ftNxH1WwJwGJ3LR5Nf2t,Poesia Acústica #7 Céu Azul,56,"MC Hariel, Ducon, Kevin o Chris, Chris MC, Matuê, Vitão, Salve Malak, Dk 47, Pineapple StormTv"
Negra Li,6O4wwd8F3dQxbzeENONcMu,"Ainda Gosto Dela (Dubdogz, RQntz & Lowsince Remix)",53,"Skank, Dubdogz, RQntz, Lowsince"
Negra Li,3u7efYoUbxVuKWHbirjvma,Não É Sério,52,Charlie Brown Jr.
Negra Li,0opxE6ttrrlPtP462ttg9K,1 Minuto,48,D Black
Negra Li,5XP9mHMTuUqQ2Lt7OxiXHN,Favela Vive 3,47,"ADL, Choice, Djonga, Menor do Chapa"
Negra Li,2uuU3mmJNNjFI7a372pIFC,Se Joga,44,Lary
Negra Li,7hXQTTsfyeIiT7TB1ilBel,Periferia / Sample: Fim De Semana No Parque,42,"Helião, Racionais MC's, Mano Brown"
Negra Li,1YUEG4xIN1yViUita6yS5g,Anjo de Asas Negras,39,Fabio Brazza
Negra Li,0ptYXDqZ9GVPhJGPbUG8yY,Olha O Menino,38,Helião
Xamã,5JC2ezFSbkVi4Js4byzKoj,Poesia Acústica #6 Era uma Vez,64,"MC Cabelinho, Bob do Contra, Azzy, Filipe Ret, Dudu, Orochi, Maquiny, Pineapple StormTv"
Xamã,5ZWeAFfmlTGYleUxOq7kcp,Poesia Acústica 13,61,"Pineapple StormTv, Chris MC, Salve Malak, Tz da Coronel, MC Cabelinho, Chefin, L7NNON, Luísa Sonza, Oruam, N.I.N.A"
Xamã,5kuUOpHZlZjL8b7HXkxRsm,Luxúria,67,"Bagua Records, Neo Beats, Matuê"
Xamã,2QGidT5ohfP2xXb8SCRWHq,Poesia Acústica 16,54,"Pineapple StormTv, Tz da Coronel, MC PH, Filipe Ret, MC Ryan SP, Lourena, L7NNON, Orochi, Ana Castela, Salve Malak"
Xamã,0Qm3FcWgkif9MeY6lgcX11,Poesia Acústica #9 Melhor Forma,61,"Pineapple StormTv, L7NNON, Chris MC, Lourena, Cesar Mc, Djonga, Filipe Ret, Salve Malak"
Xamã,5geU4byUA1hnQofQPOsPDS,Sereia,62,"Orochi, MC Ryan SP, Oruam, Neo Beats, Kizzy, Mainstreet"
Xamã,0BiXrraKIkkc4Qj2lcgVUc,Poesia Acústica #11 Nada Mudou,55,"Azzy, MC Ryan SP, Chris MC, Lourena, L7NNON, Cynthia Luz, Mc Poze do Rodo, Salve Malak"
Xamã,3r9ljWQNQMV0xLY5v44Hwp,Só Rock 2,60,"Rock Danger, Young Ganni, KIB7, Major RD, El Lif Beatz"
Xamã,0NBgyml7T0IvUNbXIkcSpH,Malvadão 3,60,"Gustah, Neo Beats, Bagua Records"
Xamã,2m6ZDDrTvDQtKbwNFyI3r5,MAMA.CITA (hasta la vista),59,Luísa Sonza
Tiê,35QhFozfvTT7lU3ttOTpVo,MTG A Noite,54,Dj Luan Gomes
Tiê,0jjtkzkbI1K49ogGaKfkXi,Falei Pra Ela,40,"Sant, LP Beatzz"
Tiê,0cyzEA9745FSRzImoZHLUr,Cor Favorita,39,Pedro Pascual
Silva Hound,06J2aXANJm3WdtoAz4XTaG,Addict,62,"Michael Kovach, Chi-Chi"
Silva Hound,0yu7Rs5s202Fb267RKDiBl,Radio Play,55,"Edward Bosco, Black Gryph0n"
Silva Hound,49FtffiUYGmtQujlT29Ohu,Royal Flush,43,"Mick Lauer, Jonathan Young"
Silva Hound,5QGZGf2TY55SQHVIu0KCn4,Addict VIP,42,"Michael Kovach, Chi-Chi"
Silva Hound,0aJe7cmSxct0xpetbmQUCz,Vox's Interlude,36,Dagames
Silva Hound,5GUZL86cI8I50RCACc7KCB,Cool Friends - Murtagh & Veschell Remix,34,"Murtagh, Veschell"
Silva Hound,2h90PF1suuTaz8O9BXsqR1,Redemption Arc,32,Elsie Lovelock
Silva Hound,6cujrEnmxHd5WO5ytqyBQF,Root of All Evil,31,"Erica Lindbeck, The Stupendium"
Silva Hound,2VMLKT98CPWo22SC4KjxHf,V-TUBER GIRLS ARE IMPROVING MY LIFE - Silva Hound Remix,30,"Connor Quest!, LulunaRina, DayumDahlia"
Silva Hound,6wi5gBJ2y07fXyEziEKFMF,Vox's Interlude VIP,27,Dagames
Frank Ocean,1fOkmYW3ZFkkjIdOZSf596,Pink Matter,78,André 3000
Scalene,4PUFsnaztPNbXSHhGnQ2Tw,Furta-Cor,40,Xênia França
Scalene,3UB2DOGwFSFhMvU5mGQU7N,Grão de Areia,35,Supercombo
Scalene,5mElsF6b9FqiJi76k713R7,O Rio,32,Selvagens à Procura de Lei
Scalene,1JqnNZ2Uz9N2sHJ1ampxnB,Relentless Game,30,Far From Alaska
Lagum,3fLqmaO4vvZpFZSZy52VMp,Deixa (feat. Ana Gabriela),66,Ana Gabriela
Lagum,4f7phfIoOpIhSI8tIK11f6,universo de coisas que eu desconheço,58,ANAVITÓRIA
Lagum,2GbG2PFAtSHFT6ncTCWSmS,Céu Rosé,55,Gilsons
Lagum,0tsnSrX4XuUMzu0ehBhCFk,Será,55,IZA
Vitor Kley,7Gk5OrMYaMRtT2JmgJVAfk,Pupila,67,ANAVITÓRIA
Vitor Kley,5UOBna7TimaJuyxB8Dg2jI,Morena,58,Bruno Martini
Vitor Kley,3wBAFUmySuNroiqji8Zdbx,A Tal Canção Pra Lua - Microfonado,55,Samuel Rosa
Vitor Kley,7vb39m6rmFJrG1AFs6O4Yb,Noite,49,Ivandro
Vitor Kley,4wv5kAIPTucM1bzkijtswa,A Cura,50,Lulu Santos
Carol Biazin,77Q89ukOsI7eucDvkrldsa,ligações de alma,59,Baco Exu do Blues
Carol Biazin,78wYB2vQHXCGW5UwKlFlob,real valor,56,"Marina Sena, Vulgo FK"
Carol Biazin,3iGwvlMJT1GAH9WcRKHwMi,Raio X - Ao Vivo,55,LUDMILLA
Carol Biazin,1lAN9J3iVuLgJIqTjpjM8Y,Passarinho,50,Gabriel Froede
Carol Biazin,6l82v8lFlguhAHNQrI80iU,Corações de Pedra,53,Duquesa
Carol Biazin,71txbUtWVkqbN7BOQcEkDI,Tentação,52,Luísa Sonza
PEDRO SAMPAIO,4TnEIYOXZ9KBGHOIqG5Xs5,ESCADA DO PRÉDIO,73,Marina Sena
PEDRO SAMPAIO,0wnYdkWbBhovWCCE9AHoD3,PEDRIN,65,DJ TOPO
PEDRO SAMPAIO,1WGmyxoPCfOrk7uT2z3Zuu,CAVALINHO,61,"Gasparzinho, MC Meno K"
PEDRO SAMPAIO,7uc5eXiV8Yw5DK3V9RNFEk,FAMA,65,Luísa Sonza
PEDRO SAMPAIO,20ZO70SJcYpRHdWITiCB9Q,Joga Pra Lua,63,"Anitta, DENNIS"
PEDRO SAMPAIO,0WOkBg9wDP1UazHh1XSg2d,Barulho do Prazer,60,"Henry Freitas, Mc Gw"
PEDRO SAMPAIO,4lKuzrdZrJuCAedbIslF3A,SENTADÃO,63,"Felipe Original, JS o Mão de Ouro"
PEDRO SAMPAIO,4zDaVEHAvqPiIQN7jKtmhM,SEQUÊNCIA COLOCADÃO,63,"Mc Gw, MC Meno K, Delano"
Caetano Veloso,5Ikos3uiBfPYAf7EZfz8t3,Sonho Meu,57,"Sambabook, Arlindo Cruz, Maria Bethânia, Delcio Carvalho, Adriana Calcanhotto, Diogo Nogueira, Dona Ivone Lara, Mariene De Castro, Martinho Da Vila, Teresa Cristina, Zeca Pagodinho, Leci Brandao, Carminho, Luiza Dionísio, Vanessa Da Mata, Criolo, Aline Calixto, Bruno Castro, Zélia Duncan"
Caetano Veloso,0C13P4IghHNFPjt4zIJ8vX,Baby,54,Gal Costa
Caetano Veloso,4JA89bJXOUl8OaGDkrhaoi,Aquarela do Brasil,41,"João Gilberto, Gilberto Gil"
Caetano Veloso,4aez0pjAdzFs5XIhVPH7CM,VOCÊ NÃO ME ENSINOU A TE ESQUECER,52,Dj Luan Gomes
Gilberto Gil,5YNGlqsKGstyaJilHELAGo,A Dança - Ao Vivo,69,MC Hariel
Gilberto Gil,4JA89bJXOUl8OaGDkrhaoi,Aquarela do Brasil,41,"João Gilberto, Caetano Veloso"
Gilberto Gil,26OTzXhJuLqUNzPo0nJ6ug,Desde Que O Samba É Samba,45,Caetano Veloso
Maria Bethânia,5Ikos3uiBfPYAf7EZfz8t3,Sonho Meu,57,"Sambabook, Arlindo Cruz, Delcio Carvalho, Adriana Calcanhotto, Diogo Nogueira, Dona Ivone Lara, Mariene De Castro, Martinho Da Vila, Teresa Cristina, Zeca Pagodinho, Leci Brandao, Carminho, Luiza Dionísio, Vanessa Da Mata, Criolo, Aline Calixto, Bruno Castro, Caetano Veloso, Zélia Duncan"
Gal Costa,318S9DRPOPYHK3xnJwo1U6,Wave,35,Antônio Carlos Jobim
Gal Costa,0C13P4IghHNFPjt4zIJ8vX,Baby,54,Caetano Veloso
Gal Costa,1wuB9MID26ep43OlkOtBXd,Que Pena (Ele Já Não Gosta Mais De Mim),52,Caetano Veloso
Baco Exu do Blues,2fwDJWwEr9gKzVZAP3gjM9,Melhor Só,55,"KayBlack, Marquinho no Beat"
Baco Exu do Blues,1dv8qeBPtLAli7J3xNeTDR,Surreal,65,Luísa Sonza
Baco Exu do Blues,7wcDSsREsX9wn8P1iEdBgj,Flamingos,65,Tuyo
Baco Exu do Blues,2BF6mQdYAkLmeRQmX7YyPy,Me Desculpa Jay Z,65,1LUM3
Baco Exu do Blues,6BF3nZQkAg9qvE0DLVSfyH,Hotel Caro,64,Luísa Sonza
Baco Exu do Blues,3nlhqZHMXG2A5UkW633wwx,Samba in Paris,64,Gloria Groove
Baco Exu do Blues,3z1ay3o5wECIOIYIp7eM5H,pausa da sua tristeza,62,Liniker
Luccas Carlos,6RgXU5moRK2kNovhLQV0Yq,Músicas de amor nunca mais,68,"BK, Nansy Silvvz, Gigantes"
Luccas Carlos,4SgRO5dqqaFeuWsn6FKoBM,3am,59,"IssoQueÉSomDeRap, Matuê, TerrorDosBeats"
Luccas Carlos,29s3cKc0N9nS08Kc6Zv06B,Esqueceu Seu Brinco,55,"CJota, Yunk Vino"
Luccas Carlos,3utNVoklJZlu7z5Nir1zEZ,Luz da Lua,56,"CJota, L7NNON, Pedro Lotto, Marquinho no Beat"
Luccas Carlos,4ftOPk5r9f1sVl3mi6pq0h,Poesia Acústica #5 Seu Popo Remix,52,"HODARI, Ducon, Chris MC, Kayuá, Don L, Maria, Salve Malak, Pineapple StormTv"
Luccas Carlos,03fBjLzNCO7PfPfi1qOhxL,Poesia Acústica Paris,54,"Xamã, Chris MC, Cynthia Luz, Froid, Salve Malak, Pineapple StormTv"
Luccas Carlos,5dkytCgrODAV4HzGy0Sl94,Detalhes,53,"Veigh, L7NNON, Nagalli, Pedro Lotto, Bvga Beatz, Supernova Ent"
Luccas Carlos,23DMhYv6WjRmIRck1Uwjev,Bilhete 2.0,51,Rashid
Luccas Carlos,5Dv9EFrrCnD4HxX3HJvObM,Batom Vermelho,51,"Maquiny, Orochi"
Luccas Carlos,6KdFJEdLBQJXfpnP8iRiMA,Você Não Ama Ninguém 2,50,"Cesar Mc, Chris MC, Xamã, Salve Malak, Pineapple StormTv"
Liniker e os Caramelows,2flDia8RwKyi1S1I1kTY7w,Calmô,54,"Liniker, Caramelows"
Liniker e os Caramelows,2myQE9T8UAbl5u6Wg3UT2J,Intimidade,54,"Liniker, Caramelows"
Liniker e os Caramelows,5GkqsV7wYPqZNjGfhSGWuf,Bem Bom,47,"Liniker, Caramelows, Mahmundi"
Liniker e os Caramelows,2arxf0qwSpidhAVwJ7v9gV,Zero,47,"Liniker, Caramelows"
Liniker e os Caramelows,6xh9JILM2rzAtRynrTAAhe,"Sem Nome, Mas Com Endereço",46,"Liniker, Caramelows"
Liniker e os Caramelows,1oke7Jkp9afNQzTUD5iHZZ,Tua,46,"Liniker, Caramelows, Tassia Reis"
Liniker e os Caramelows,1bE2Ok0gaZPNCeUO3ALf2p,Gota,43,"Liniker, Caramelows"
Liniker e os Caramelows,0nVgUvVvMOiKDxQ7I4krzh,De Ontem,42,"Liniker, Caramelows"
Liniker e os Caramelows,3dzMSEy7d8NEdfeLqe2zdW,Caeu,38,"Liniker, Caramelows"
Karol Conká,7xiw1iCmpj2it0RG8GfPkv,Negona,43,Tasha & Tracie
Karol Conká,14QHVQzAYENQ4BZSDjuyez,MAMACITA (remix),40,"Luísa Sonza, Xamã"
Karol Conká,1OSWO1hDuwzs1Xh2v5rNAF,Tombei,39,Tropkillaz
Karol Conká,2TyY9yLePEWndP8ZVRXoJl,Sai da Frente,37,Thiago Pantaleão
Karol Conká,3AzSGIT3SYFXl1o9c6zdQC,Saudade,35,Boss in Drama
Karol Conká,2munsJnflycsB0jAPgDxaU,Dilúvio,35,Leo Justi
Karol Conká,49p8H214EdeK34rrqCXwi9,Nossa Que Isso (feat. Rebecca & MC Rogê),33,"WC no Beat, Djonga, Rebecca, MC Rogê"
Karol Conká,5IamHWgr4XYqnqlJtbIJ1I,Louca e Sagaz (feat. WC no Beat),29,WC no Beat
Karol Conká,6fjKPQjG3MmdcCbzDyu9JJ,MAMACITA (Fodassy remix) (feat. Fodassy),30,"Luísa Sonza, Xamã, Fodassy"
Marcelo D2,5GCz9BOkt17aI6ZOR3EiUl,Desabafo / Deixa Eu Dizer,64,Claudia
Marcelo D2,7lzfMZak2HjNPXXSxksjPB,Camarão Que Dorme a Onda Leva,61,"Zeca Pagodinho, Dudu Nobre, Mumuzinho, Djavan, Sombrinha, Arlindo Cruz, Maria Rita, Péricles, Alcione, Emicida, Diogo Nogueira, Frejat, Monarco, VELHA GUARDA DA PORTELA, Almir Guineto, Rildo Hora, Roberta Sá, Lenine, Beth Carvalho"
Marcelo D2,6NV8IxFmG9cPtnZqQwulAy,Clube do Samba,49,"Sambabook, Diogo Nogueira, Alcione, Arlindo Cruz, Beth Carvalho, Djavan, Dudu Nobre, Grupo Fundo De Quintal, Gisa Nogueira, Grupo Revelação, Hamilton De Holanda, Ivan Lins, Lenine, Leny Andrade, Mariene De Castro, Mart'nália, Martinho Da Vila, Seu Jorge, Teresa Cristina"
Marcelo D2,2pT4QzEbhFamQoUJwbFVDV,Samba Makossa / Citação Trecho Incidental: Monólogo Ao Pé Do Ouvido / Citação Trecho Incidental: Queimando Tudo - Ao Vivo,50,Charlie Brown Jr.
Marcelo D2,3UPnExZwftJ1KfxtnGstLg,Pode Acreditar (Meu Laiá Laiá),47,Seu Jorge
Marcelo D2,4aCFJU9ckEJmP26UoTH4Ba,TAMBOR DE AÇO.,45,Lucinha Pessoa
MC Carol,5Dy7tLJQB1qZOG9sESkDo0,Oração,6,"Voz de Poder, Gine, Cássio cd, Resgate, Beth P"
MC Carol,4JVTDfiercYsS5BM6UUZkU,Filhos,5,"Voz de Poder, Gine, Cássio cd, Resgate, Beth P"
MC Carol,1zdxQWk1mqdpdirg67ghms,Sonhador,0,"Voz de Poder, Gine, Cássio cd, Resgate, Beth P"
MC Carol,60s3g3A6fpJ8Y9BNVuv0Vk,Doce Lembrança,0,"Voz de Poder, Beth P"
MC Carol,089Y1WKYLeQZCY6yP2Yfb2,Amor Perfeito,0,"Voz de Poder, Cássio cd"
MC Carol,2f1vcnvBQy5nqB77g3AFu3,Nosso Valor,0,"Voz de Poder, Beth P"
Zeca Pagodinho,7lzfMZak2HjNPXXSxksjPB,Camarão Que Dorme a Onda Leva,61,"Dudu Nobre, Mumuzinho, Djavan, Sombrinha, Arlindo Cruz, Maria Rita, Péricles, Alcione, Emicida, Diogo Nogueira, Frejat, Monarco, VELHA GUARDA DA PORTELA, Almir Guineto, Rildo Hora, Roberta Sá, Lenine, Beth Carvalho, Marcelo D2"
Zeca Pagodinho,4oNk9WpCEytgOdYms1x5Fr,Vou Festejar,53,"Jorge Aragão, Elza Soares, Martinho Da Vila, Sandra De Sá, Vander Lee, Joyce Cândido, Anitta, Emicida, Xande De Pilares, Péricles, Diogo Nogueira, Grupo Fundo De Quintal, Luciana Mello, Maria Rita, Lenine, Alcione, Luiz Melodia, Baby Do Brasil, Thais Macedo"
Zeca Pagodinho,5Ikos3uiBfPYAf7EZfz8t3,Sonho Meu,57,"Sambabook, Arlindo Cruz, Maria Bethânia, Delcio Carvalho, Adriana Calcanhotto, Diogo Nogueira, Dona Ivone Lara, Mariene De Castro, Martinho Da Vila, Teresa Cristina, Leci Brandao, Carminho, Luiza Dionísio, Vanessa Da Mata, Criolo, Aline Calixto, Bruno Castro, Caetano Veloso, Zélia Duncan"
Zeca Pagodinho,5ii11kM3XEBh1viHC6ObhX,Ogum - Ao Vivo,53,Jorge Ben Jor
Martinho Da Vila,7lzfMZak2HjNPXXSxksjPB,Camarão Que Dorme a Onda Leva,61,"Zeca Pagodinho, Dudu Nobre, Mumuzinho, Djavan, Sombrinha, Arlindo Cruz, Maria Rita, Péricles, Alcione, Emicida, Diogo Nogueira, Frejat, Monarco, VELHA GUARDA DA PORTELA, Almir Guineto, Rildo Hora, Roberta Sá, Lenine, Beth Carvalho, Marcelo D2"
Martinho Da Vila,4oNk9WpCEytgOdYms1x5Fr,Vou Festejar,53,"Jorge Aragão, Elza Soares, Zeca Pagodinho, Sandra De Sá, Vander Lee, Joyce Cândido, Anitta, Emicida, Xande De Pilares, Péricles, Diogo Nogueira, Grupo Fundo De Quintal, Luciana Mello, Maria Rita, Lenine, Alcione, Luiz Melodia, Baby Do Brasil, Thais Macedo"
Martinho Da Vila,5Ikos3uiBfPYAf7EZfz8t3,Sonho Meu,57,"Sambabook, Arlindo Cruz, Maria Bethânia, Delcio Carvalho, Adriana Calcanhotto, Diogo Nogueira, Dona Ivone Lara, Mariene De Castro, Teresa Cristina, Zeca Pagodinho, Leci Brandao, Carminho, Luiza Dionísio, Vanessa Da Mata, Criolo, Aline Calixto, Bruno Castro, Caetano Veloso, Zélia Duncan"
Martinho Da Vila,6NV8IxFmG9cPtnZqQwulAy,Clube do Samba,49,"Sambabook, Diogo Nogueira, Alcione, Arlindo Cruz, Beth Carvalho, Djavan, Dudu Nobre, Grupo Fundo De Quintal, Gisa Nogueira, Grupo Revelação, Hamilton De Holanda, Ivan Lins, Lenine, Leny Andrade, Marcelo D2, Mariene De Castro, Mart'nália, Seu Jorge, Teresa Cristina"
Martinho Da Vila,0fz1d9rPbAuxbqvzUpW31K,"Canta, Canta Minha Gente",51,"Sambabook, Tunico da Vila, Diogo Nogueira, Elza Soares, Luiz Melodia, Mart'nália, Fernanda Abreu, Toni Garrido, Paulinho Da Viola, João Donato, Pedro Luís, Pitty, Ana Costa, Marcelinho Moreira, Casuarina, Ney Matogrosso, Jair Rodrigues, Leci Brandao, Zeca Baleiro"
Alcione,7lzfMZak2HjNPXXSxksjPB,Camarão Que Dorme a Onda Leva,61,"Zeca Pagodinho, Dudu Nobre, Mumuzinho, Djavan, Sombrinha, Arlindo Cruz, Maria Rita, Péricles, Emicida, Diogo Nogueira, Frejat, Monarco, VELHA GUARDA DA PORTELA, Almir Guineto, Rildo Hora, Roberta Sá, Lenine, Beth Carvalho, Marcelo D2"
Alcione,4oNk9WpCEytgOdYms1x5Fr,Vou Festejar,53,"Jorge Aragão, Elza Soares, Zeca Pagodinho, Martinho Da Vila, Sandra De Sá, Vander Lee, Joyce Cândido, Anitta, Emicida, Xande De Pilares, Péricles, Diogo Nogueira, Grupo Fundo De Quintal, Luciana Mello, Maria Rita, Lenine, Luiz Melodia, Baby Do Brasil, Thais Macedo"
Alcione,2hy9PyCleGC4HRe5MsPwfF,Faz uma Loucura por mim / Você me vira a cabeça - Ao Vivo,53,LUDMILLA
Alcione,5SSOaOh6W2vjiRVfPKSqoS,A Loba - Ao Vivo,54,Gloria Groove
Mc Don Juan,2InS5VWKJQbsFBKOsf1cJB,Let's Go 4,72,"Dj GBR, Mc IG, MC Ryan SP, MC PH, Mc Davi, Mc Luki, Mc Kadu, TrapLaudo, MC GP, MC GH do 7"
Mc Don Juan,0Ce7kkIjy9gkXAaMAZAI9w,Malvada,59,"TrapLaudo, MC PH, Dj Murillo e LT no Beat, MC Ryan SP, Mc IG"
Mc Don Juan,0XkH47qUbNA4YGdD4WEjAA,Depois do Baile,68,"DENNIS, Veigh, WIU, MC PH, Budah, Djonga, Hungria, Orochi, Azzy"
Mc Don Juan,1fzaUKQv7sgGW0udQVghSW,Desacato,67,"MC LUUKY, MC Ryan SP, Mc Davi, TrapLaudo, Mc Kadu, MC Gui Da Norte"
Mc Don Juan,2Nkd6eJ3SnbUjWG7aoALkk,"Banco do carona (feat. Gabb MC, MC Joãozinho VT, MC Marks, MC Vine7 & Mc Robs)",58,"Mc Kako, DJ BOY, Gabb MC, MC Joãozinho VT, MC Marks, MC Vine7, Mc Robs"
Mc Don Juan,2xs2TwrlfamtW0DQqId0M5,Set Dj Boy 3.0,65,"DJ BOY, MC Joãozinho VT, Mc Kako, MC Hariel, MC Tuto, MC Marks, MC Vine7"
Mc Don Juan,6e5byyKtx6R0h66gagelPe,Quando Apaga A Luz - Ao Vivo,61,Gustavo Mioto
Mc Don Juan,2xebCnKCjYWBhJ4Ai8hO5E,Set dos Casados,63,"Mc Davi, Mc Kevin, MC Hariel, MC Marks, MC G15, Mc Phe Cachorrera, Gaab, MC Menor da VG, MC Ryan SP, MC Kapela, Perera DJ, Veiga no Beat"
Mc Don Juan,6KTcft71hJVHxDRyhurwl4,Pix ou Presente?,63,"MC Jvila, Mc Kelvinho, MC Ryan SP, MC GP, Mc Magal, DJ Torricelli, MC LUUKY"
Mc Don Juan,1xw0BToTM3XnVnqXSPRByZ,Sereia Me Perdoa,62,"MC Ryan SP, Mc IG, Kotim, MC Joãozinho VT, MC Tuto, Mc Kako, Vulgo FK"
MC Kevinho,1AfNdxHdE4OLcnQUyC6j3i,Eterna Sacanagem,59,"MC JottaPê, MC Kekel"
MC Kevinho,7G2XZhDNHo7SSDWSVxC0UT,Terremoto,58,Anitta
MC Kevinho,5yH8pYxNckOU1cxfPsMIaz,Agora é Tudo Meu,56,DENNIS
MC Kevinho,2KxHe4qxNgeFcKpE2r2aBt,Deixa Ela Beijar,51,Matheus & Kauan
MC Kevinho,6VXpxDMdPfMrFF8UmZRm87,Encaixa,51,Leo Santana
Nego do Borel,0u8aj0c4IxeVSLTUuuq9V5,Você Partiu Meu Coração (feat. Anitta & Wesley Safadão),53,"Anitta, Wesley Safadão"
Nego do Borel,2S9UiaHpsdB2s3ZNzCObLQ,Sensacional (feat. Cacife Clandestino & MC Kevin o Chris),46,"WC no Beat, Matuê, Cacife Clandestino, MC Kevin o Chris"
Nego do Borel,5nqehpNGoRAz4wUFK3wT9k,Me Solta,42,Rennan da Penha
Nego do Borel,6zZw7RPIs3IxDghP4UvWcY,Esqueci Como Namora (feat. Maiara & Maraisa),42,Maiara & Maraisa
Nego do Borel,7sqnI7oQSdaA12yXYKmjZR,Princesa - Ao Vivo,37,Matuê
Nego do Borel,47zBTlbsiXs9ooyPo7Z7VT,Contatinho (feat. Luan Santana),32,Luan Santana
Nego do Borel,7gd7s2UTu7eUlAFsC9XqYU,Vida de Bacana,28,"Meno Tody, Luck Muzik, Dj Gabriel do Borel"
Claudia Leitte,71b61XCd31dynitTso5DIn,Beijo Incompatível (Ao Vivo),49,Marcos & Belutti
Claudia Leitte,36JLbOILRf2ELnpByw44qk,Bola De Sabão,47,Babado Novo
Claudia Leitte,0ReupwT7wyLIbdsk0KLxpX,Amor Perfeito - Ao Vivo,41,Babado Novo
Claudia Leitte,4binHn4EmehRryuLnl6c6D,Saudade de Você,40,Filhos De Jorge
Claudia Leitte,4XNFI6Ypvn2dXwGvf8Ok1G,Infinito (Ao Vivo),40,Manu
Claudia Leitte,5bZeqo3Mdh2I9gu64BufdI,Te Amo Tanto,38,Paolo
Claudia Leitte,1eadGV9pgIsd4YYKXwV5Bt,agradece,37,Natiruts
Claudia Leitte,0v80HQyBkMnAJ1jp6Fztf0,"Safado, Cachorro, Sem-Vergonha - Ao Vivo",36,Babado Novo
Paulo Ricardo,7o3rdyevF9JQx2tGnFGEiM,A Cruz E A Espada,52,Renato Russo
Paulo Ricardo,7FQPlG2P85fKAAQr3xMbgj,Agora Eu Sei,37,Zero
Paulo Ricardo,4kNNWpU47YCCBSfWrsVuwk,Hear Me Now - Ao Vivo,34,"Zeeba, Milton Guedes"
Lulu Santos,4QWsMXZ60waQmBBduGM2ci,Cabelo De Anjo,55,Melim
Di Ferrero,1W0FHxSmWtKgzHUwqh50s8,Onde A Gente Chegou,41,IZA
Di Ferrero,05kcqaucJyNQrk2Ju5NSwe,INTENSAMENTE,36,Vitor Kley
Di Ferrero,4bsZ1px2MlpkIviocF4qFv,Outro Lugar (feat. Badauí) - Ao Vivo,34,"Detonautas Roque Clube, Lucas Silveira, Badauí"
Di Ferrero,4fTnYA69gGdaLjkfcKPjY4,Tudo Passa,36,Túlio Dek
Di Ferrero,4ZbPzncqIaim9AhBaI5iO2,Roda Gigante,33,"Jetlag Music, Zabot"
Di Ferrero,3d0ykg3kBxUIBvc9MOzIEv,Seja Para Mim - Ao Vivo,33,Maneva
Di Ferrero,31QQG8R4qmLQjIDoguBCzZ,UM BRINDE,30,Badauí
Péricles,28tIFuQHxmEZAg2FljrCwp,Sinais - Ao Vivo,63,"Sorriso Maroto, Ferrugem"
Péricles,4LQBF260adcuLpjBC3mBSV,Nosso Amor Quer Paz - Ao Vivo,65,Marvvila
Péricles,36uwqvpMEu6tpDDNhavSu5,Só Uma Noite,61,Fabio Brazza
Péricles,7lzfMZak2HjNPXXSxksjPB,Camarão Que Dorme a Onda Leva,61,"Zeca Pagodinho, Dudu Nobre, Mumuzinho, Djavan, Sombrinha, Arlindo Cruz, Maria Rita, Alcione, Emicida, Diogo Nogueira, Frejat, Monarco, VELHA GUARDA DA PORTELA, Almir Guineto, Rildo Hora, Roberta Sá, Lenine, Beth Carvalho, Marcelo D2"
Matuê,2fjqfFUq64thFsqfKN01kS,Imagina esse Cenário,77,Veigh
Matuê,3Sa2gVQioE31DcG4nKNDqD,Isso é Sério,75,Brandão85
Matuê,6OcZP4rUfuxms2r8Mwx5BQ,4Tal,73,Teto
Capital Inicial,2IcsM3hXMRpN6ZGEvwdqxU,Primeiros Erros (Chove) (feat. Kiko Zambianchi) - Ao Vivo,64,Kiko Zambianchi
Capital Inicial,2fs1QLFTJ09BEnMTj9xQ4Z,Não Olhe Pra Trás (feat. Lenine) - Ao Vivo,63,Lenine
iZaak,43PiEypaceH339CSNiggyj,BBY BOO - REMIX,76,"JHAYCO, Anuel AA"
iZaak,5lCMDnVpGTuFC7YejgpTIF,WYA,75,J Abdiel
iZaak,0W2pF7zyj9dwZVK1RoUyjh,WYA REMIX BLACK AND YELLOW (feat. iZaak & Pirlo),73,"J Abdiel, Anuel AA, Blessd, Pirlo"
iZaak,6jfp0rIQSdBoijRTR7TC9l,TRAQUETO,72,Clarent
iZaak,08s7guLP2nSMxmYqmjf7oV,BONNIE AND CLYDE - REMIX,68,"Luar La L, Omar Courtz"
iZaak,5UoT7c2R5nadqdwidFhZxa,Toki,62,"Casper Magico, Anuel AA, Luar La L"
iZaak,7J5Um8Nwar48h38PU7cPre,WYA REMIX BLUE,64,"J Abdiel, Hades66, Miky Woodz, Corina Smith"
iZaak,61zBrSzch8LvD0oeOhC2LN,Epica,57,"Caleb Calloway, Yan Block"
iZaak,1VqFMK8sjfaaxYYdcuTATk,XQCP,60,Anuel AA
Raimundos,349flwjNbqIaE0Mph3jLGD,A mais pedida (feat. Érika Martins),60,Érika Martins
Raimundos,6kCGzPmsyJkzs0UnbXjply,A Mais Pedida - Ao Vivo | Acústico,53,Ivete Sangalo
Raimundos,0iswPTUmRcycA6ivjsemuU,Puteiro em João Pessoa,49,Marcelo Falcão
Raimundos,2OBzAYQUWGuTgY90TRnXMf,Mulher de Fases - Ao Vivo | Acústico,47,Dinho Ouro Preto
Marisa Monte,7oPB5rRWan5SeijxL94Qmz,Pra Melhorar,50,"Seu Jorge, Flor"
Marisa Monte,6lNJX51MnEY2BB9EHBL3XP,Ainda Lembro,56,Ed Motta
Elza Soares,4oNk9WpCEytgOdYms1x5Fr,Vou Festejar,53,"Jorge Aragão, Zeca Pagodinho, Martinho Da Vila, Sandra De Sá, Vander Lee, Joyce Cândido, Anitta, Emicida, Xande De Pilares, Péricles, Diogo Nogueira, Grupo Fundo De Quintal, Luciana Mello, Maria Rita, Lenine, Alcione, Luiz Melodia, Baby Do Brasil, Thais Macedo"
Elza Soares,0fz1d9rPbAuxbqvzUpW31K,"Canta, Canta Minha Gente",51,"Martinho Da Vila, Sambabook, Tunico da Vila, Diogo Nogueira, Luiz Melodia, Mart'nália, Fernanda Abreu, Toni Garrido, Paulinho Da Viola, João Donato, Pedro Luís, Pitty, Ana Costa, Marcelinho Moreira, Casuarina, Ney Matogrosso, Jair Rodrigues, Leci Brandao, Zeca Baleiro"
Elza Soares,7y6vnVnkRzcxUZMdoCaksh,Façamos (Vamos Amar),43,Chico Buarque
Daniela Mercury,2Efse61ZbydCPiir2jAe6H,Em Paz,45,Thathi
Daniela Mercury,1Y9teFESII6lCZn76mYn4w,Só Pra Te Mostrar,32,Herbert Vianna
Daniela Mercury,1IeKuhWMm5GKjfRq42IuDY,Maimbê Dandá,32,Carlinhos Brown
Tropkillaz,6u0EAxf1OJTLS7CvInuNd7,Vai malandra (feat. Tropkillaz & DJ Yuri Martins),63,"Anitta, ZAAC, Maejor, DJ Yuri Martins"
Tropkillaz,1OUPXna2MCgAt3VNmXJBtg,Bola Rebola,61,"J Balvin, Anitta, ZAAC"
Tropkillaz,3L1IBHaO1TV4gF8JbKGWQx,SO SPECIAL,57,Liniker
Tropkillaz,33XGnqulXzbY8wznMxUXrh,Presente,48,"BaianaSystem, Gilsons"
Tropkillaz,0eR4BYWps24j9JZe0RWQUi,Quem Mandou Chamar,46,"IZA, Matuê"
Tropkillaz,1w1Xc1eSUEysdF8kdBgQvI,Movimenta (feat. Mc Gw),45,"Marshmello, Mu540, Mc Gw"
Tropkillaz,3IqI8boTYbqJKEybByt4T3,Dame Mais,40,"Rincon Sapiência, Clau"
Tropkillaz,4faZxf6Jp2DRwlcb8wZBhx,Solteiro Sou um Perigo,33,"Marshmello, Mc Delux"
Filipe Ret,5brVlCCt8gp4pP0iJOOctj,Melhor Vibe,72,"MC Ryan SP, Chefin, Caio Luccas, Dallass, Rocco"
Filipe Ret,4ZrKyfCV1UcHuZjbLp03fM,Nós Combina,70,"Mãolee, Vulgo FK"
Filipe Ret,5JC2ezFSbkVi4Js4byzKoj,Poesia Acústica #6 Era uma Vez,64,"MC Cabelinho, Bob do Contra, Azzy, Dudu, Xamã, Orochi, Maquiny, Pineapple StormTv"
Filipe Ret,4tuFNhM69UakXdPg4RrNvp,Deus Perdoa,68,"Dallass, Hunter"
Filipe Ret,68qqVn5kHBv4zc45SDGLnh,Corte Americano,68,"L7NNON, Chris Beats Zn"
Filipe Ret,0ssgd2ZvDawP0KHGfBYRpv,Good Vibe,67,"Caio Luccas, Dallass"
Filipe Ret,2QGidT5ohfP2xXb8SCRWHq,Poesia Acústica 16,54,"Pineapple StormTv, Tz da Coronel, MC PH, MC Ryan SP, Lourena, L7NNON, Orochi, Ana Castela, Xamã, Salve Malak"
Filipe Ret,0Qm3FcWgkif9MeY6lgcX11,Poesia Acústica #9 Melhor Forma,61,"Pineapple StormTv, L7NNON, Chris MC, Xamã, Lourena, Cesar Mc, Djonga, Salve Malak"
Filipe Ret,6XSTDJMW7yUr4Zuzyr4Ht6,Lenda,65,"Borges, TkN, Mindu"
Hungria,4t4V2ptzeV94uXjUS1X18F,Pinxadão,74,Mc Jacaré
Hungria,6r6wTVl7sBndpdlzBSEYnF,Lua,63,"Ana Castela, Alok"
Hungria,5G3ZjUMOlOpChRHpdlGALj,Insônia,68,Tribo da Periferia
Hungria,0XkH47qUbNA4YGdD4WEjAA,Depois do Baile,68,"DENNIS, Veigh, WIU, MC PH, Budah, Djonga, Mc Don Juan, Orochi, Azzy"
Hungria,283UhiQEQGVg9Q7Hv2tI5F,Mais Brabo que Vovô,67,US Agroboy
Cássia Eller,6HhXiy5XZ81Pyv3yCZMtj1,Relicário - Ao Vivo,61,Nando Reis
Otto Waalkes,7b8Z1GU2plJy3aASZTiolF,Friesenjung,64,"Ski Aggu, Joost"
Otto Waalkes,3Tc82c77lfoyzT6wSNoTuu,Sei Ein Mann,49,"Stefan Erz, Caroline Vasicek, Thomas Piper, Sebastian Krumbiegel, Uwe Adams"
Otto Waalkes,7a25vPTmTQgjlQxDqJYTYD,Mexico,11,Jürgen Drews
Otto Waalkes,1lVvvj6wtErWN9gJG25lIv,Hank Williams - Radio Version,13,"Stefan Waggershausen, Tobias Künzel, Peter Freudenthaler, die travelling Homeboys"
Otto Waalkes,22h82bmWC15YNQRLJsnQjV,Der Greis ist heiß (feat. Otto Waalkes) [Live in Hamburg] - 2023 Remaster,6,"Udo Lindenberg, Das Panik-Orchester"
Otto Waalkes,40ddCOBztlU01xkuIddgJd,Hank Williams,4,"Stefan Waggershausen, Tobias Künzel, Peter Freudenthaler, die travelling Homeboys"
Lucas Lucco,3mNmUjoDHYDYj08IaRPtg0,Posto 24h (feat. Wesley Safadão) - Ao Vivo,47,Wesley Safadão
Lucas Lucco,1sJDhDnb9nW6RCFiox0aw3,Princesinha,45,Mr. Catra
Lucas Lucco,6M6QZVBQCkcx1j7f6RpD5Q,Amava Nada - Ao Vivo,39,Marília Mendonça
Lucas Lucco,3g9X1WMQzZj4OJ8aBQ6JFf,Vou Virar Peão - Ao Vivo,29,Dj Chris No Beat
Lucas Lucco,3sIMCkwUZbQbWeNOTG3ET4,Permanecer (feat. MC G15),44,MC G15
Lucas Lucco,3SdYnX1212sx5X0N4Lj3Vb,Tic Tac (feat. MC Lan),42,MC Lan
Cassiano,0PU0QeAmxFYQj1l6jE0co4,Sangue Novo,15,Zé Mulato
Cassiano,06xgvNr2oFwpRzxzL9evRq,Coleção,31,Djavan
Cassiano,740wuxsWNPVRL6OUvsx6iY,Carrossel,27,Banda Black Rio
Cassiano,0UvJTSSHEvGBuHeOjXEnsr,Ana Luiza,27,Sergio Endrigo
Johnny Hooker,1vrZkMnH8avpqJDEiXmPwJ,Flutua,51,Liniker e os Caramelows
Johnny Hooker,0a3IsWmHYDYXCqIsCVx4TF,CUBA Remix,45,"Marley no Beat, Pabllo Vittar"
Johnny Hooker,2i1IenkjeON6xI1EzbHUyr,Corpo Fechado,40,Gaby Amarantos
Mahmundi,2c9cy32pkhuznDXIN0eWMG,Faz Parte Do Meu Show,37,Cazuza
Mahmundi,6EEJ80jZ2VTdAEDh7oWjBv,Insensatez,35,Maria Luiza Jobim
Mahmundi,1fzPRqUPmOL823vG6r9rPg,Aposta,31,Rubel
Marina Sena,4TnEIYOXZ9KBGHOIqG5Xs5,ESCADA DO PRÉDIO,73,PEDRO SAMPAIO
Marina Sena,0Kl8AuDEnnEA7UtCKov4Op,Dano Sarrada - Remix,65,Japãozin
Marina Sena,3aqqy9M11P6t0843xBzulv,Poesia Acústica #12 Pra Sempre,58,"Filipe Ret, Caio Luccas, BIN, Budah, Borges, Teto, Luiz Lins, Pineapple StormTv"
Marina Sena,33Q8doEKwVKd0MZtlLWOWu,Quase Não Namoro,55,Juliette
Marina Sena,78wYB2vQHXCGW5UwKlFlob,real valor,56,"Carol Biazin, Vulgo FK"
Marina Sena,2HCwONIrygjv9WilseHpfM,Romance Em Cena,56,Luísa Sonza
Marina Sena,2Pwb1vbghtrkNBNVzlNf7N,Se eu não lembrar,56,"BK, JXNV$, Gigantes"
Marina Sena,5tcdKHU3wqvFy8huoo4p68,Que Tal,55,Fleezus
Rubel,0MEQNyNQA8huagTIfAnqGC,Grão de Areia,63,Xande De Pilares
Rubel,1PQRwFvNM7xV65bIkHmDtx,Partilhar,61,ANAVITÓRIA
Rubel,7jVexMvXRY7rWIHTOqKs7G,PUT@RIA!,46,"BK, Dj Gabriel do Borel, Mc Carol"
Rubel,4pkcufYBrwhYMi5mZ8276B,Mantra,46,Emicida
Rubel,5YctcwZCRMxlIHDpTuqKOE,Baby - Ao Vivo,45,Gal Costa
Rubel,5pembobNk0jvwt6xa2MnlP,Torto Arado,44,"Liniker, Luedji Luna"
Erasmo Carlos,2306rS3JUCDgDoplIaKwQO,A Carta,40,Renato Russo
Erasmo Carlos,6z2jJO90YnuZjTNbJ6B7hU,Do Fundo Do Meu Coração,41,Adriana Calcanhotto
